id,subject,question,baseline_solution,augmented_solution,similar_context
006d7,Mathematics,"माना A = $\begin{pmatrix} 1+i & 1 \ -i & 0 \end{pmatrix}$, जहाँ i = √-1 है। तो समुच्चय { n ∈ {1,2,......,100} : $A^n$ = A} में अवयवों की संख्या है _______

The image shows a mathematical expression defining a matrix A and a set condition. The matrix A is a 2x2 matrix with elements 1+i, 1, -i, and 0, where i is defined as the square root of -1. The problem asks to find the number of elements in the set of n belonging to {1, 2, ..., 100} such that A to the power of n equals A.","Let the given matrix be A = $\begin{pmatrix} 1+i & 1 \\ -i & 0 \end{pmatrix}$.
We need to find the number of elements n in the set {1, 2, ..., 100} such that $A^n = A$.

First, let's calculate the first few powers of A.

$A^1 = A = \begin{pmatrix} 1+i & 1 \\ -i & 0 \end{pmatrix}$

$A^2 = A \cdot A = \begin{pmatrix} 1+i & 1 \\ -i & 0 \end{pmatrix} \begin{pmatrix} 1+i & 1 \\ -i & 0 \end{pmatrix}$
$A^2 = \begin{pmatrix} (1+i)(1+i) + 1(-i) & (1+i)(1) + 1(0) \\ (-i)(1+i) + 0(-i) & (-i)(1) + 0(0) \end{pmatrix}$
$A^2 = \begin{pmatrix} (1+2i+i^2) - i & 1+i \\ (-i-i^2) & -i \end{pmatrix}$
Since $i^2 = -1$:
$A^2 = \begin{pmatrix} (1+2i-1) - i & 1+i \\ (-i-(-1)) & -i \end{pmatrix}$
$A^2 = \begin{pmatrix} 2i - i & 1+i \\ 1-i & -i \end{pmatrix}$
$A^2 = \begin{pmatrix} i & 1+i \\ 1-i & -i \end{pmatrix}$
Clearly, $A^2 \neq A$.

Next, let's calculate $A^3 = A^2 \cdot A$:
$A^3 = \begin{pmatrix} i & 1+i \\ 1-i & -i \end{pmatrix} \begin{pmatrix} 1+i & 1 \\ -i & 0 \end{pmatrix}$
$A^3 = \begin{pmatrix} i(1+i) + (1+i)(-i) & i(1) + (1+i)(0) \\ (1-i)(1+i) + (-i)(-i) & (1-i)(1) + (-i)(0) \end{pmatrix}$
$A^3 = \begin{pmatrix} (i+i^2) + (-i-i^2) & i \\ (1-i^2) + i^2 & 1-i \end{pmatrix}$
$A^3 = \begin{pmatrix} (i-1) + (-i+1) & i \\ (1-(-1)) + (-1) & 1-i \end{pmatrix}$
$A^3 = \begin{pmatrix} 0 & i \\ (1+1) - 1 & 1-i \end{pmatrix}$
$A^3 = \begin{pmatrix} 0 & i \\ 1 & 1-i \end{pmatrix}$
Clearly, $A^3 \neq A$.

Finally, let's calculate $A^4 = A^3 \cdot A$:
$A^4 = \begin{pmatrix} 0 & i \\ 1 & 1-i \end{pmatrix} \begin{pmatrix} 1+i & 1 \\ -i & 0 \end{pmatrix}$
$A^4 = \begin{pmatrix} 0(1+i) + i(-i) & 0(1) + i(0) \\ 1(1+i) + (1-i)(-i) & 1(1) + (1-i)(0) \end{pmatrix}$
$A^4 = \begin{pmatrix} -i^2 & 0 \\ (1+i) + (-i+i^2) & 1 \end{pmatrix}$
$A^4 = \begin{pmatrix} -(-1) & 0 \\ (1+i) + (-i-1) & 1 \end{pmatrix}$
$A^4 = \begin{pmatrix} 1 & 0 \\ 1+i-i-1 & 1 \end{pmatrix}$
$A^4 = \begin{pmatrix} 1 & 0 \\ 0 & 1 \end{pmatrix}$
So, $A^4 = I$, where I is the identity matrix.

Now we need to find $n \in \{1, 2, ..., 100\}$ such that $A^n = A$.

Since $A^4 = I$, we can determine that A is an invertible matrix. (det(A) = $(1+i)(0) - 1(-i) = i \neq 0$).
If $A^n = A$, we can multiply both sides by $A^{-1}$ (or simply observe that $A^n = A \implies A^{n-1} \cdot A = A \implies A^{n-1} = I$, because A is invertible).
So, the condition $A^n = A$ is equivalent to $A^{n-1} = I$.

We found that $A^4 = I$. This means that any power of A of the form $A^{4k}$ will also be $I$ (for integer $k \ge 0$).
Thus, for $A^{n-1} = I$ to hold, $n-1$ must be a multiple of 4.
Let $n-1 = 4k$ for some non-negative integer $k$.
This implies $n = 4k+1$.

We are looking for values of $n$ in the set {1, 2, ..., 100}.
So, we need to find the number of integers $k \ge 0$ such that $1 \le 4k+1 \le 100$.

1. Lower bound for k:
$4k+1 \ge 1 \implies 4k \ge 0 \implies k \ge 0$.
So the smallest value for $k$ is 0.
For $k=0$, $n=4(0)+1 = 1$. This means $A^1 = A$, which is true.

2. Upper bound for k:
$4k+1 \le 100 \implies 4k \le 99 \implies k \le \frac{99}{4}$.
$\frac{99}{4} = 24.75$.
So the largest integer value for $k$ is 24.
For $k=24$, $n=4(24)+1 = 96+1 = 97$. This means $A^{97} = A$, and 97 is in the set {1, ..., 100}.

The possible values for $k$ are $0, 1, 2, ..., 24$.
The number of values for $k$ is $24 - 0 + 1 = 25$.
Each such value of $k$ corresponds to a unique value of $n$ in the given set satisfying the condition $A^n=A$.

Thus, there are 25 such elements in the set.

The final answer is $\boxed{25}$.","To solve the problem, we need to find the values of n in the set {1, 2, ..., 100} for which $A^n = A$, given the matrix A.

**Step 1: Calculate $A^2$.**
Given A = $\begin{pmatrix} 1+i & 1 \\ -i & 0 \end{pmatrix}$

$A^2 = A \cdot A = \begin{pmatrix} 1+i & 1 \\ -i & 0 \end{pmatrix} \begin{pmatrix} 1+i & 1 \\ -i & 0 \end{pmatrix}$

Let's compute the elements of $A^2$:
*   Top-left element: $(1+i)(1+i) + 1(-i) = (1 + 2i + i^2) - i = (1 + 2i - 1) - i = 2i - i = i$
*   Top-right element: $(1+i)(1) + 1(0) = 1+i$
*   Bottom-left element: $(-i)(1+i) + 0(-i) = -i - i^2 = -i - (-1) = 1-i$
*   Bottom-right element: $(-i)(1) + 0(0) = -i$

So, $A^2 = \begin{pmatrix} i & 1+i \\ 1-i & -i \end{pmatrix}$

**Step 2: Calculate $A^4$.**
We can calculate $A^4$ as $A^2 \cdot A^2$.
$A^4 = \begin{pmatrix} i & 1+i \\ 1-i & -i \end{pmatrix} \begin{pmatrix} i & 1+i \\ 1-i & -i \end{pmatrix}$

Let's compute the elements of $A^4$:
*   Top-left element: $i(i) + (1+i)(1-i) = i^2 + (1^2 - i^2) = -1 + (1 - (-1)) = -1 + (1+1) = -1 + 2 = 1$
*   Top-right element: $i(1+i) + (1+i)(-i) = (1+i)(i - i) = (1+i)(0) = 0$
*   Bottom-left element: $(1-i)(i) + (-i)(1-i) = (1-i)(i - i) = (1-i)(0) = 0$
*   Bottom-right element: $(1-i)(1+i) + (-i)(-i) = (1^2 - i^2) + i^2 = (1 - (-1)) + (-1) = (1+1) - 1 = 2 - 1 = 1$

So, $A^4 = \begin{pmatrix} 1 & 0 \\ 0 & 1 \end{pmatrix}$, which is the identity matrix, I.

**Step 3: Analyze the condition $A^n = A$.**
Since $A^4 = I$, the powers of A repeat in a cycle of 4:
*   $A^1 = A$
*   $A^2 = A^2$
*   $A^3 = A^3$
*   $A^4 = I$
*   $A^5 = A^4 \cdot A = I \cdot A = A$
*   $A^6 = A^4 \cdot A^2 = I \cdot A^2 = A^2$
*   $A^7 = A^4 \cdot A^3 = I \cdot A^3 = A^3$
*   $A^8 = A^4 \cdot A^4 = I \cdot I = I$

For $A^n = A$ to be true, n must be of the form $4k+1$ for some integer $k \ge 0$.

**Step 4: Find the number of values of n in the given set.**
We need to find the number of integers n in the set {1, 2, ..., 100} such that $n = 4k+1$.
Let's list the values of n:
*   For $k=0$, $n = 4(0)+1 = 1$. (1 is in the set)
*   For $k=1$, $n = 4(1)+1 = 5$. (5 is in the set)
*   For $k=2$, $n = 4(2)+1 = 9$. (9 is in the set)
*   ...
We need to find the largest value of k such that $4k+1 \le 100$.
$4k \le 99$
$k \le \frac{99}{4}$
$k \le 24.75$

Since k must be an integer, the maximum value for k is 24.
*   For $k=24$, $n = 4(24)+1 = 96+1 = 97$. (97 is in the set)

The values of n are 1, 5, 9, ..., 97.
These form an arithmetic progression with the first term $a_1=1$, common difference $d=4$, and the last term $a_m=97$.
The number of terms (m) can be found using the formula $a_m = a_1 + (m-1)d$:
$97 = 1 + (m-1)4$
$96 = (m-1)4$
$24 = m-1$
$m = 25$

Thus, there are 25 such values of n in the given set.

The final answer is $\boxed{25}$.","- Similar Q: Let A = $\begin{pmatrix} 1+i & 1 \ -i & 0 \end{pmatrix}$ where I = $\sqrt{-1}$. Then, the number of elements in the set {n$\in$ {1,2, ....., 100} : $A^n$ = A} is
  Approach: The solution calculates $A^2$ and $A^4$. It finds that $A^4 = I$ (identity matrix). Consequently, $A^5 = A, A^9 = A$, and so on. The values of n for which $A^n = A$ form an arithmetic progression: n = 1, 5, 9, ..., 97. The number of terms in this sequence is then calculated, which gives the number of elements in the set.
- Similar Q: Let $$A = \left( {\matrix{
   {1 + i} & 1  \cr 
   { - i} & 0  \cr 

 } } \right)$$ where $$i = \sqrt { - 1} $$. Then, the number of elements in the set { n $$\in$$ {1, 2, ......, 100} : A n = A } is ____________.
  Approach: First, the solution calculates A^2 and A^4. It finds that A^4 equals the identity matrix I. Consequently, A^5 = A, A^9 = A, and so on. The values of n for which A^n = A are 1, 5, 9, ..., 97. The number of such values of n is 25."
00b31,Mathematics,अवकल सभीकरण $(x\sqrt{1+y^2}) dx + (y\sqrt{1+x^2})dy=0$ का हल है :,"दिए गए अवकल समीकरण को हल करने के लिए, हम चरों को अलग करने की विधि का उपयोग करेंगे।

दिया गया अवकल समीकरण है:
$(x\sqrt{1+y^2}) dx + (y\sqrt{1+x^2})dy=0$

चरण 1: समीकरण को पुनर्व्यवस्थित करें ताकि $x$ वाले पद $dx$ के साथ और $y$ वाले पद $dy$ के साथ हों।
हम समीकरण को इस प्रकार लिख सकते हैं:
$(x\sqrt{1+y^2}) dx = -(y\sqrt{1+x^2})dy$

अब, दोनों पक्षों को $\sqrt{1+x^2}\sqrt{1+y^2}$ से विभाजित करें:
$\frac{x\sqrt{1+y^2}}{\sqrt{1+x^2}\sqrt{1+y^2}} dx = -\frac{y\sqrt{1+x^2}}{\sqrt{1+x^2}\sqrt{1+y^2}} dy$
$\frac{x}{\sqrt{1+x^2}} dx = -\frac{y}{\sqrt{1+y^2}} dy$

चरण 2: दोनों पक्षों का समाकलन करें।
$\int \frac{x}{\sqrt{1+x^2}} dx = - \int \frac{y}{\sqrt{1+y^2}} dy$

बाएं हाथ के पक्ष (LHS) के समाकलन के लिए:
मान लीजिए $u = 1+x^2$। तब $du = 2x dx$, या $x dx = \frac{1}{2} du$।
$\int \frac{x}{\sqrt{1+x^2}} dx = \int \frac{1}{\sqrt{u}} \frac{1}{2} du = \frac{1}{2} \int u^{-1/2} du$
$= \frac{1}{2} \left( \frac{u^{1/2}}{1/2} \right) + C_1 = u^{1/2} + C_1 = \sqrt{1+x^2} + C_1$

दाएं हाथ के पक्ष (RHS) के समाकलन के लिए:
मान लीजिए $v = 1+y^2$। तब $dv = 2y dy$, या $y dy = \frac{1}{2} dv$।
$- \int \frac{y}{\sqrt{1+y^2}} dy = - \int \frac{1}{\sqrt{v}} \frac{1}{2} dv = -\frac{1}{2} \int v^{-1/2} du$
$= -\frac{1}{2} \left( \frac{v^{1/2}}{1/2} \right) + C_2 = -v^{1/2} + C_2 = -\sqrt{1+y^2} + C_2$

चरण 3: दोनों समाकलनों के परिणामों को एक साथ रखें।
$\sqrt{1+x^2} + C_1 = -\sqrt{1+y^2} + C_2$

अवकल समीकरण का सामान्य हल प्राप्त करने के लिए समाकलन स्थिरांकों को संयोजित करें:
$\sqrt{1+x^2} + \sqrt{1+y^2} = C_2 - C_1$
जहाँ $C = C_2 - C_1$ एक नया स्थिरांक है।

अतः, हल है:
$\sqrt{1+x^2} + \sqrt{1+y^2} = C$

The final answer is $\boxed{\sqrt{1+x^2} + \sqrt{1+y^2} = C}$","दिए गए अवकल समीकरण को हल करने के लिए, हम चरों के पृथक्करण विधि का उपयोग करेंगे, जैसा कि समान प्रश्नों के दृष्टिकोण में वर्णित है।

**प्रश्न:** अवकल समीकरण $(x\sqrt{1+y^2}) dx + (y\sqrt{1+x^2})dy=0$ का हल है :

**चरण 1: चरों को पृथक् करें (Separate the variables)**
सबसे पहले, समीकरण को इस प्रकार पुनर्व्यवस्थित करें कि x पद dx के साथ एक ओर हों और y पद dy के साथ दूसरी ओर हों।
$(x\sqrt{1+y^2}) dx = -(y\sqrt{1+x^2})dy$

अब, चरों को अलग करें:
$\frac{x}{\sqrt{1+x^2}} dx = -\frac{y}{\sqrt{1+y^2}} dy$

**चरण 2: दोनों पक्षों का समाकलन करें (Integrate both sides)**
अब, समीकरण के दोनों पक्षों का समाकलन करें:
$\int \frac{x}{\sqrt{1+x^2}} dx = \int -\frac{y}{\sqrt{1+y^2}} dy$

बाएं हाथ के पक्ष (LHS) के समाकलन के लिए: $\int \frac{x}{\sqrt{1+x^2}} dx$
मान लीजिए $u = 1+x^2$ है।
तो, $du = 2x \, dx$, जिसका अर्थ है $x \, dx = \frac{1}{2} du$।
यह समाकलन बन जाता है:
$\int \frac{1}{\sqrt{u}} \frac{1}{2} du = \frac{1}{2} \int u^{-1/2} du$
$= \frac{1}{2} \left( \frac{u^{1/2}}{1/2} \right) = u^{1/2} = \sqrt{1+x^2}$

दाएं हाथ के पक्ष (RHS) के समाकलन के लिए: $\int -\frac{y}{\sqrt{1+y^2}} dy$
मान लीजिए $v = 1+y^2$ है।
तो, $dv = 2y \, dy$, जिसका अर्थ है $y \, dy = \frac{1}{2} dv$।
यह समाकलन बन जाता है:
$\int -\frac{1}{\sqrt{v}} \frac{1}{2} dv = -\frac{1}{2} \int v^{-1/2} dv$
$= -\frac{1}{2} \left( \frac{v^{1/2}}{1/2} \right) = -v^{1/2} = -\sqrt{1+y^2}$

समाकलित परिणामों को एक साथ रखें और एक समाकलन स्थिरांक $C$ जोड़ें:
$\sqrt{1+x^2} = -\sqrt{1+y^2} + C$

**चरण 3: सामान्य हल के रूप में समीकरण को पुनर्व्यवस्थित करें (Rearrange the equation as the general solution)**
सभी पदों को एक साथ लाएं:
$\sqrt{1+x^2} + \sqrt{1+y^2} = C$

यह दिए गए अवकल समीकरण का सामान्य हल है।

अंतिम उत्तर:
अवकल समीकरण $(x\sqrt{1+y^2}) dx + (y\sqrt{1+x^2})dy=0$ का हल है:
$\boxed{\sqrt{1+x^2} + \sqrt{1+y^2} = C}$","- Similar Q: Question Text::
            x (y2 + 1) dx + y (x² + 1) dy = 0

            
            {""goemetric_relationships"":[],""labels_and_symbols"":[],""spatial_arrangements"":[]}
  Approach: The solution uses the variable separable method to solve the differential equation. First, the variables are separated to have x terms on one side and y terms on the other. Then, both sides are integrated, using substitution to solve the integrals. The logarithmic terms are simplified and combined using logarithm properties. Finally, the equation is converted from logarithmic to algebraic form by exponentiating both sides, resulting in the general solution.
- Similar Q: The solution of the differential equation
 x dy + y dx - \sqrt{1-x^{2}y^{2}}dx = 0 is
  Approach: The given differential equation is solved by rearranging the terms and integrating. First, the equation is rewritten as \( \frac{xdy+ydx}{\sqrt{1-x^{2}y^{2}}} = dx \). Noticing that \( xdy + ydx = d(xy) \), the equation becomes \( \frac{d(xy)}{\sqrt{1-(xy)^{2}}} = dx \). Both sides are then integrated, yielding \( sin^{-1}(xy) = x + c \). Finally, solving for \( xy \), we get the solution \( xy = sin(x + c) \)."
0159a,Mathematics,"If \(y = 1 + \frac{x_1}{x - x_1} + \frac{x_2 \cdot x}{(x - x_1)(x - x_2)} + \frac{x_3 \cdot x^2}{(x - x_1)(x - x_2)(x - x_3)} + \dots \) upto \((n + 1)\) terms then prove that \(\frac{dy}{dx} = \frac{y}{x} \left[ \frac{x_1}{x_1 - x} + \frac{x_2}{x_2 - x} + \frac{x_3}{x_3 - x} + \dots + \frac{x_n}{x_n - x} \right]\)

The image shows a mathematical expression involving a series. The expression starts with 'If y = 1 +', followed by a series of terms. The general form of each term in the series is a fraction where the numerator involves a product of 'x' terms with subscripts (e.g., x1, x2, x3) and powers of 'x', and the denominator involves a product of differences of the form '(x - xi)', where 'i' is an index. The series continues up to (n+1) terms. Following this series, there is an expression to prove, which involves the derivative of 'y' with respect to 'x' (dy/dx). This expression equates dy/dx to a product of 'y/x' and a sum of fractions. Each fraction in the sum has a numerator of the form 'xi' and a denominator of the form 'xi - x', where 'i' ranges from 1 to n.","The problem asks us to prove a derivative identity for a given series expression for `y`.

**Step 1: Simplify the expression for `y`**

The given expression for `y` is a sum of `(n + 1)` terms:
`y = 1 + \frac{x_1}{x - x_1} + \frac{x_2 \cdot x}{(x - x_1)(x - x_2)} + \frac{x_3 \cdot x^2}{(x - x_1)(x - x_2)(x - x_3)} + \dots + \frac{x_n \cdot x^{n-1}}{(x - x_1)(x - x_2)\dots(x - x_n)}`

Let's examine the partial sums:

*   **First term:** `S_0 = 1`
*   **Sum of first two terms:**
    `S_1 = 1 + \frac{x_1}{x - x_1} = \frac{(x - x_1) + x_1}{x - x_1} = \frac{x}{x - x_1}`
*   **Sum of first three terms:**
    `S_2 = S_1 + \frac{x_2 \cdot x}{(x - x_1)(x - x_2)} = \frac{x}{x - x_1} + \frac{x_2 \cdot x}{(x - x_1)(x - x_2)}`
    `S_2 = \frac{x(x - x_2) + x_2 \cdot x}{(x - x_1)(x - x_2)} = \frac{x^2 - x x_2 + x x_2}{(x - x_1)(x - x_2)} = \frac{x^2}{(x - x_1)(x - x_2)}`

We observe a pattern: the sum of the first `(k + 1)` terms (from `1` up to the term involving `x_k`) appears to be `\frac{x^k}{\prod_{j=1}^{k}(x - x_j)}`.
Let's prove this by induction.
Base case: We've shown it holds for `k=0, 1, 2`.
Assume that the sum of the first `k` terms (from `1` up to the term involving `x_{k-1}`) is `S_{k-1} = \frac{x^{k-1}}{\prod_{j=1}^{k-1}(x - x_j)}`.

Now, consider the sum of the first `(k + 1)` terms, `S_k`:
`S_k = S_{k-1} + \frac{x_k \cdot x^{k-1}}{\prod_{j=1}^{k}(x - x_j)}`
`S_k = \frac{x^{k-1}}{\prod_{j=1}^{k-1}(x - x_j)} + \frac{x_k \cdot x^{k-1}}{\prod_{j=1}^{k}(x - x_j)}`
Factor out `\frac{x^{k-1}}{\prod_{j=1}^{k-1}(x - x_j)}`:
`S_k = \frac{x^{k-1}}{\prod_{j=1}^{k-1}(x - x_j)} \left( 1 + \frac{x_k}{x - x_k} \right)`
Simplify the term in the parenthesis:
`1 + \frac{x_k}{x - x_k} = \frac{(x - x_k) + x_k}{x - x_k} = \frac{x}{x - x_k}`
Substitute this back into the expression for `S_k`:
`S_k = \frac{x^{k-1}}{\prod_{j=1}^{k-1}(x - x_j)} \left( \frac{x}{x - x_k} \right)`
`S_k = \frac{x^k}{\prod_{j=1}^{k}(x - x_j)}`

This inductive step confirms the pattern.
Since `y` is the sum up to `(n + 1)` terms (i.e., `S_n`), we have:
`y = \frac{x^n}{(x - x_1)(x - x_2)\dots(x - x_n)}`

**Step 2: Differentiate `y` using logarithmic differentiation**

Take the natural logarithm of both sides of the simplified expression for `y`:
`\ln y = \ln \left( \frac{x^n}{\prod_{i=1}^{n}(x - x_i)} \right)`
Using logarithm properties `\ln(A/B) = \ln A - \ln B` and `\ln(AB) = \ln A + \ln B`:
`\ln y = \ln(x^n) - \ln \left( \prod_{i=1}^{n}(x - x_i) \right)`
`\ln y = n \ln x - \sum_{i=1}^{n} \ln(x - x_i)`

Now, differentiate both sides with respect to `x`:
`\frac{1}{y} \frac{dy}{dx} = n \cdot \frac{1}{x} - \sum_{i=1}^{n} \frac{1}{x - x_i}`
Rearrange the terms in the sum:
`\frac{1}{y} \frac{dy}{dx} = \frac{n}{x} + \sum_{i=1}^{n} \frac{1}{-(x - x_i)}`
`\frac{1}{y} \frac{dy}{dx} = \frac{n}{x} + \sum_{i=1}^{n} \frac{1}{x_i - x}`

Multiply by `y` to get `\frac{dy}{dx}`:
`\frac{dy}{dx} = y \left( \frac{n}{x} + \sum_{i=1}^{n} \frac{1}{x_i - x} \right)`

**Step 3: Manipulate the expression to match the target form**

The target expression is:
`\frac{dy}{dx} = \frac{y}{x} \left[ \frac{x_1}{x_1 - x} + \frac{x_2}{x_2 - x} + \dots + \frac{x_n}{x_n - x} \right]`
Let's analyze the sum term in the target expression:
`\sum_{i=1}^{n} \frac{x_i}{x_i - x}`

We can rewrite each term `\frac{x_i}{x_i - x}` as `\frac{x_i - x + x}{x_i - x}`:
`\sum_{i=1}^{n} \frac{x_i}{x_i - x} = \sum_{i=1}^{n} \left( \frac{x_i - x}{x_i - x} + \frac{x}{x_i - x} \right)`
`= \sum_{i=1}^{n} \left( 1 + \frac{x}{x_i - x} \right)`
`= \sum_{i=1}^{n} 1 + \sum_{i=1}^{n} \frac{x}{x_i - x}`
`= n + x \sum_{i=1}^{n} \frac{1}{x_i - x}`

Now, substitute this back into the target expression's RHS:
RHS ` = \frac{y}{x} \left[ n + x \sum_{i=1}^{n} \frac{1}{x_i - x} \right]`
Distribute `\frac{1}{x}`:
RHS ` = y \left[ \frac{n}{x} + \frac{x}{x} \sum_{i=1}^{n} \frac{1}{x_i - x} \right]`
RHS ` = y \left[ \frac{n}{x} + \sum_{i=1}^{n} \frac{1}{x_i - x} \right]`

Comparing this with our derived `\frac{dy}{dx}` from Step 2:
`\frac{dy}{dx} = y \left( \frac{n}{x} + \sum_{i=1}^{n} \frac{1}{x_i - x} \right)`

Both expressions are identical.
Therefore, we have proved that:
`\frac{dy}{dx} = \frac{y}{x} \left[ \frac{x_1}{x_1 - x} + \frac{x_2}{x_2 - x} + \frac{x_3}{x_3 - x} + \dots + \frac{x_n}{x_n - x} \right]`

The final answer is $\boxed{\text{Proof Completed}}$.","To solve this problem, we first need to simplify the expression for $y$. Then, we will differentiate the simplified expression using logarithmic differentiation.

**Step 1: Simplify the expression for $y$.**
The given expression for $y$ is a sum of $(n+1)$ terms:
$y = 1 + \frac{x_1}{x - x_1} + \frac{x_2 \cdot x}{(x - x_1)(x - x_2)} + \frac{x_3 \cdot x^2}{(x - x_1)(x - x_2)(x - x_3)} + \dots + \frac{x_n \cdot x^{n-1}}{(x - x_1)(x - x_2)\dots(x - x_n)}$

Let's look at the partial sums:
$S_0 = 1$
$S_1 = 1 + \frac{x_1}{x - x_1} = \frac{x - x_1 + x_1}{x - x_1} = \frac{x}{x - x_1}$

$S_2 = S_1 + \frac{x_2 \cdot x}{(x - x_1)(x - x_2)} = \frac{x}{x - x_1} + \frac{x_2 \cdot x}{(x - x_1)(x - x_2)}$
To add these fractions, we find a common denominator:
$S_2 = \frac{x(x - x_2)}{(x - x_1)(x - x_2)} + \frac{x_2 \cdot x}{(x - x_1)(x - x_2)}$
$S_2 = \frac{x^2 - x x_2 + x_2 x}{(x - x_1)(x - x_2)} = \frac{x^2}{(x - x_1)(x - x_2)}$

$S_3 = S_2 + \frac{x_3 \cdot x^2}{(x - x_1)(x - x_2)(x - x_3)} = \frac{x^2}{(x - x_1)(x - x_2)} + \frac{x_3 \cdot x^2}{(x - x_1)(x - x_2)(x - x_3)}$
$S_3 = \frac{x^2(x - x_3)}{(x - x_1)(x - x_2)(x - x_3)} + \frac{x_3 \cdot x^2}{(x - x_1)(x - x_2)(x - x_3)}$
$S_3 = \frac{x^3 - x^2 x_3 + x_3 x^2}{(x - x_1)(x - x_2)(x - x_3)} = \frac{x^3}{(x - x_1)(x - x_2)(x - x_3)}$

We observe a pattern: the sum of the first $(k+1)$ terms, denoted $S_k$, is given by:
$S_k = \frac{x^k}{(x - x_1)(x - x_2)\dots(x - x_k)}$

We can prove this by induction.
Base case: For $k=1$, $S_1 = \frac{x^1}{(x - x_1)}$, which we have shown.
Inductive step: Assume that for some $k \ge 1$, $S_k = \frac{x^k}{\prod_{i=1}^k (x - x_i)}$.
Then, $S_{k+1} = S_k + \frac{x_{k+1} \cdot x^k}{\prod_{i=1}^{k+1} (x - x_i)}$
$S_{k+1} = \frac{x^k}{\prod_{i=1}^k (x - x_i)} + \frac{x_{k+1} \cdot x^k}{\prod_{i=1}^{k+1} (x - x_i)}$
$S_{k+1} = \frac{x^k(x - x_{k+1}) + x_{k+1} x^k}{\prod_{i=1}^{k+1} (x - x_i)}$
$S_{k+1} = \frac{x^{k+1} - x^k x_{k+1} + x^k x_{k+1}}{\prod_{i=1}^{k+1} (x - x_i)}$
$S_{k+1} = \frac{x^{k+1}}{\prod_{i=1}^{k+1} (x - x_i)}$
The pattern holds true.

The given expression for $y$ has $(n+1)$ terms, which corresponds to $S_n$.
So, $y = \frac{x^n}{(x - x_1)(x - x_2)\dots(x - x_n)}$.

**Step 2: Differentiate $y$ using logarithmic differentiation.**
It's easier to differentiate $\ln y$ rather than $y$ directly.
$\ln y = \ln \left( \frac{x^n}{\prod_{i=1}^n (x - x_i)} \right)$
Using logarithm properties ($\ln(A/B) = \ln A - \ln B$ and $\ln(A \cdot B) = \ln A + \ln B$):
$\ln y = \ln(x^n) - \ln\left(\prod_{i=1}^n (x - x_i)\right)$
$\ln y = n \ln x - \sum_{i=1}^n \ln (x - x_i)$

Now, differentiate both sides with respect to $x$:
$\frac{1}{y} \frac{dy}{dx} = \frac{d}{dx} \left( n \ln x - \sum_{i=1}^n \ln (x - x_i) \right)$
$\frac{1}{y} \frac{dy}{dx} = n \cdot \frac{1}{x} - \sum_{i=1}^n \frac{1}{x - x_i}$
$\frac{1}{y} \frac{dy}{dx} = \frac{n}{x} + \sum_{i=1}^n \frac{1}{-(x - x_i)}$
$\frac{1}{y} \frac{dy}{dx} = \frac{n}{x} + \sum_{i=1}^n \frac{1}{x_i - x}$

**Step 3: Manipulate the derivative expression to match the desired form.**
The goal is to prove $\frac{dy}{dx} = \frac{y}{x} \left[ \frac{x_1}{x_1 - x} + \frac{x_2}{x_2 - x} + \dots + \frac{x_n}{x_n - x} \right]$.
This means we need to show that:
$\frac{n}{x} + \sum_{i=1}^n \frac{1}{x_i - x} = \frac{1}{x} \left[ \sum_{i=1}^n \frac{x_i}{x_i - x} \right]$

Let's work with the left-hand side of this equality:
LHS $= \frac{n}{x} + \sum_{i=1}^n \frac{1}{x_i - x}$
Since $\frac{n}{x}$ is the sum of $n$ identical terms, we can write $\frac{n}{x} = \sum_{i=1}^n \frac{1}{x}$.
LHS $= \sum_{i=1}^n \frac{1}{x} + \sum_{i=1}^n \frac{1}{x_i - x}$
Combine the sums:
LHS $= \sum_{i=1}^n \left( \frac{1}{x} + \frac{1}{x_i - x} \right)$
Find a common denominator for the terms inside the sum:
LHS $= \sum_{i=1}^n \left( \frac{(x_i - x) + x}{x(x_i - x)} \right)$
LHS $= \sum_{i=1}^n \left( \frac{x_i}{x(x_i - x)} \right)$
Factor out $\frac{1}{x}$ from the sum:
LHS $= \frac{1}{x} \sum_{i=1}^n \left( \frac{x_i}{x_i - x} \right)$
LHS $= \frac{1}{x} \left[ \frac{x_1}{x_1 - x} + \frac{x_2}{x_2 - x} + \dots + \frac{x_n}{x_n - x} \right]$

This matches the expression on the right-hand side of the equality we were trying to prove.
Therefore, we have:
$\frac{1}{y} \frac{dy}{dx} = \frac{1}{x} \left[ \frac{x_1}{x_1 - x} + \frac{x_2}{x_2 - x} + \dots + \frac{x_n}{x_n - x} \right]$

Finally, multiply both sides by $y$:
$\frac{dy}{dx} = \frac{y}{x} \left[ \frac{x_1}{x_1 - x} + \frac{x_2}{x_2 - x} + \frac{x_3}{x_3 - x} + \dots + \frac{x_n}{x_n - x} \right]$

This completes the proof.

The final answer is $\boxed{\frac{dy}{dx} = \frac{y}{x} \left[ \frac{x_1}{x_1 - x} + \frac{x_2}{x_2 - x} + \frac{x_3}{x_3 - x} + \dots + \frac{x_n}{x_n - x} \right]}$","- Similar Q: If f (x) = x^{n}, then the value of
f(1) + \frac{f^{1}(1)}{1} + \frac{f^{2}(1)}{2!} + \dots + \frac{f^{n}(1)}{n!}, where f^{r}(x) denotes the r^{th}
order derivative of f(x) with respect to x, is
  Approach: The approach involves finding the derivatives of f(x) = xⁿ, then evaluating these derivatives at x=1. After this, substitute these values into the given expression. Recognize that the resulting expression is the binomial expansion of (1+1)ⁿ, which simplifies to 2ⁿ."
